{"cameraMode":{"drawMode":0,"name":"Shaded","section":"Shading Mode"},"sceneLighting":true,"audioPlay":false,"sceneViewState":{"m_AlwaysRefresh":false,"showFog":true,"showSkybox":true,"showFlares":true,"showImageEffects":true,"showParticleSystems":true,"showVisualEffectGraphs":true,"m_FxEnabled":true},"in2DMode":false,"pivot":{"x":0.00008308887481689453,"y":0.8906108140945435,"z":0.006023302674293518},"rotation":{"x":-0.20302028954029084,"y":0.7826746106147766,"z":-0.3230876624584198,"w":-0.4917726516723633},"size":5.704106330871582,"orthographic":true}